event,event_time,symbol,price_change,price_change_percent,weighted_avg_price,prev_close_price,last_price,last_qty,best_bid_price,best_bid_qty,best_ask_price,best_ask_qty,open_price,high_price,low_price,base_volume,quote_volume,open_time,close_time,first_trade_id,last_trade_id,trade_count
24hrTicker,2025-06-10T15:38:17.033+07:00,ETHUSDT,189.87,7.623,2625.304647,2490.65,2680.52,1.2271,2680.51,83.8974,2680.52,4.3402,2490.65,2726.78,2488.24,776012.3835,2.04E+09,2025-06-09T15:38:17.012+07:00,2025-06-10T15:38:17.012+07:00,2508382670,2512031249,3648580
24hrTicker,2025-06-10T15:38:18.023+07:00,ETHUSDT,190.18,7.636,2625.305095,2490.65,2680.83,0.0034,2680.83,107.8877,2680.84,11.2178,2490.65,2726.78,2488.24,776018.6668,2.04E+09,2025-06-09T15:38:18.008+07:00,2025-06-10T15:38:18.008+07:00,2508382670,2512031346,3648677
24hrTicker,2025-06-10T15:38:19.033+07:00,ETHUSDT,190.19,7.636,2625.30536,2490.65,2680.83,0.0076,2680.83,100.1916,2680.84,2.2481,2490.64,2726.78,2488.24,776017.1629,2.04E+09,2025-06-09T15:38:19.013+07:00,2025-06-10T15:38:19.013+07:00,2508382689,2512031348,3648660
24hrTicker,2025-06-10T15:38:20.033+07:00,ETHUSDT,190.17,7.635,2625.30539,2490.66,2680.83,0.0656,2680.83,96.3533,2680.84,37.026,2490.66,2726.78,2488.24,776017.0675,2.04E+09,2025-06-09T15:38:20.013+07:00,2025-06-10T15:38:20.013+07:00,2508382709,2512031349,3648641
24hrTicker,2025-06-10T15:38:21.034+07:00,ETHUSDT,190.18,7.636,2625.305479,2490.66,2680.84,1.1941,2680.83,49.5783,2680.84,60.3648,2490.66,2726.78,2488.24,776018.2416,2.04E+09,2025-06-09T15:38:21.014+07:00,2025-06-10T15:38:21.014+07:00,2508382710,2512031353,3648644
24hrTicker,2025-06-10T15:38:22.033+07:00,ETHUSDT,190.17,7.635,2625.305516,2490.66,2680.83,0.1864,2680.83,18.8551,2680.84,73.9328,2490.66,2726.78,2488.24,776018.2938,2.04E+09,2025-06-09T15:38:22.014+07:00,2025-06-10T15:38:22.014+07:00,2508382711,2512031362,3648652
24hrTicker,2025-06-10T15:38:23.033+07:00,ETHUSDT,190.18,7.636,2625.305543,2490.66,2680.84,0.2736,2680.83,0.0655,2680.84,70.5158,2490.66,2726.78,2488.24,776018.5234,2.04E+09,2025-06-09T15:38:23.014+07:00,2025-06-10T15:38:23.014+07:00,2508382713,2512031368,3648656
24hrTicker,2025-06-10T15:38:24.033+07:00,ETHUSDT,190.14,7.634,2625.307328,2490.65,2680.79,0.002,2680.78,0.0339,2680.79,98.6148,2490.65,2726.78,2488.24,776009.085,2.04E+09,2025-06-09T15:38:24.011+07:00,2025-06-10T15:38:24.011+07:00,2508382720,2512031411,3648692
24hrTicker,2025-06-10T15:38:25.033+07:00,ETHUSDT,190.13,7.634,2625.307425,2490.66,2680.79,1.121,2680.78,0.0655,2680.79,97.6838,2490.66,2726.78,2488.24,776010.1081,2.04E+09,2025-06-09T15:38:24.987+07:00,2025-06-10T15:38:24.987+07:00,2508382723,2512031412,3648690
24hrTicker,2025-06-10T15:38:26.033+07:00,ETHUSDT,189.96,7.627,2625.307494,2490.65,2680.61,0.1921,2680.6,0.0248,2680.61,55.9926,2490.65,2726.78,2488.24,776010.6256,2.04E+09,2025-06-09T15:38:26.012+07:00,2025-06-10T15:38:26.012+07:00,2508382726,2512031531,3648806
24hrTicker,2025-06-10T15:38:27.033+07:00,ETHUSDT,189.94,7.626,2625.307498,2490.65,2680.6,0.0059,2680.6,51.1121,2680.61,31.9119,2490.66,2726.78,2488.24,776010.608,2.04E+09,2025-06-09T15:38:27.010+07:00,2025-06-10T15:38:27.010+07:00,2508382727,2512031533,3648807
24hrTicker,2025-06-10T15:38:28.033+07:00,ETHUSDT,189.95,7.627,2625.308578,2490.66,2680.6,0.031,2680.6,38.4331,2680.61,52.2064,2490.65,2726.78,2488.24,776005.1538,2.04E+09,2025-06-09T15:38:28.008+07:00,2025-06-10T15:38:28.008+07:00,2508382731,2512031537,3648807
24hrTicker,2025-06-10T15:38:29.033+07:00,ETHUSDT,189.95,7.626,2625.308877,2490.65,2680.61,1.12,2680.6,55.6718,2680.61,29.7341,2490.66,2726.78,2488.24,776009.1291,2.04E+09,2025-06-09T15:38:29.012+07:00,2025-06-10T15:38:29.012+07:00,2508382732,2512031540,3648809
24hrTicker,2025-06-10T15:38:30.034+07:00,ETHUSDT,189.95,7.626,2625.308891,2490.66,2680.61,1.12,2680.6,0.0643,2680.61,58.3533,2490.66,2726.78,2488.24,776009.0515,2.04E+09,2025-06-09T15:38:30.010+07:00,2025-06-10T15:38:30.010+07:00,2508382735,2512031540,3648806
24hrTicker,2025-06-10T15:38:31.033+07:00,ETHUSDT,189.75,7.618,2625.308982,2490.66,2680.41,0.002,2680.4,3.1742,2680.41,105.2529,2490.66,2726.78,2488.24,776010.1266,2.04E+09,2025-06-09T15:38:30.989+07:00,2025-06-10T15:38:30.989+07:00,2508382737,2512031633,3648897
24hrTicker,2025-06-10T15:38:32.032+07:00,ETHUSDT,189.75,7.618,2625.309239,2490.66,2680.41,0.0657,2680.4,17.4413,2680.41,103.6686,2490.66,2726.78,2488.24,776008.7342,2.04E+09,2025-06-09T15:38:31.997+07:00,2025-06-10T15:38:31.997+07:00,2508382742,2512031634,3648893
24hrTicker,2025-06-10T15:38:33.023+07:00,ETHUSDT,189.75,7.618,2625.309319,2490.66,2680.41,1.1857,2680.4,6.1789,2680.41,93.8461,2490.66,2726.78,2488.24,776009.8542,2.04E+09,2025-06-09T15:38:33.013+07:00,2025-06-10T15:38:33.013+07:00,2508382742,2512031635,3648894
24hrTicker,2025-06-10T15:38:34.023+07:00,ETHUSDT,189.33,7.602,2625.309852,2490.66,2679.99,1.7898,2679.99,0.0219,2680,116.0589,2490.66,2726.78,2488.24,776017.3964,2.04E+09,2025-06-09T15:38:33.996+07:00,2025-06-10T15:38:33.996+07:00,2508382742,2512031811,3649070
24hrTicker,2025-06-10T15:38:35.033+07:00,ETHUSDT,189.33,7.602,2625.309999,2490.66,2679.99,1.7898,2679.99,0.0359,2680,111.8841,2490.66,2726.78,2488.24,776016.5471,2.04E+09,2025-06-09T15:38:35.014+07:00,2025-06-10T15:38:35.014+07:00,2508382743,2512031811,3649069
24hrTicker,2025-06-10T15:38:36.033+07:00,ETHUSDT,189.11,7.593,2625.310037,2490.65,2679.77,0.0142,2679.76,0.0254,2679.77,113.6687,2490.66,2726.78,2488.24,776017.0089,2.04E+09,2025-06-09T15:38:36.014+07:00,2025-06-10T15:38:36.014+07:00,2508382745,2512031902,3649158
24hrTicker,2025-06-10T15:38:37.023+07:00,ETHUSDT,189.11,7.593,2625.310115,2490.65,2679.77,1.1342,2679.76,0.0274,2679.77,111.1783,2490.66,2726.78,2488.24,776018.1289,2.04E+09,2025-06-09T15:38:37.011+07:00,2025-06-10T15:38:37.011+07:00,2508382745,2512031904,3649160
24hrTicker,2025-06-10T15:38:38.033+07:00,ETHUSDT,188.88,7.584,2625.310183,2490.66,2679.53,0.0705,2679.53,24.4959,2679.54,99.6229,2490.65,2726.78,2488.24,776018.8763,2.04E+09,2025-06-09T15:38:38.009+07:00,2025-06-10T15:38:38.009+07:00,2508382747,2512031992,3649246
24hrTicker,2025-06-10T15:38:39.033+07:00,ETHUSDT,188.87,7.583,2625.310186,2490.65,2679.53,0.0948,2679.53,57.0985,2679.54,19.7485,2490.66,2726.78,2488.24,776018.8882,2.04E+09,2025-06-09T15:38:39.013+07:00,2025-06-10T15:38:39.013+07:00,2508382748,2512031996,3649249
24hrTicker,2025-06-10T15:38:40.023+07:00,ETHUSDT,188.88,7.584,2625.310256,2490.65,2679.54,1,2679.53,79.518,2679.54,17.294,2490.66,2726.78,2488.24,776019.8882,2.04E+09,2025-06-09T15:38:39.968+07:00,2025-06-10T15:38:39.968+07:00,2508382748,2512031997,3649250
24hrTicker,2025-06-10T15:38:41.025+07:00,ETHUSDT,188.88,7.584,2625.312488,2490.66,2679.54,2.12,2679.53,39.7596,2679.54,35.4752,2490.66,2726.78,2488.24,776008.6,2.04E+09,2025-06-09T15:38:40.961+07:00,2025-06-10T15:38:40.961+07:00,2508382753,2512032000,3649248
24hrTicker,2025-06-10T15:38:42.033+07:00,ETHUSDT,188.89,7.584,2625.312527,2490.66,2679.54,2.2227,2679.53,39.7627,2679.54,35.3794,2490.65,2726.78,2488.24,776008.518,2.04E+09,2025-06-09T15:38:41.919+07:00,2025-06-10T15:38:41.919+07:00,2508382754,2512032002,3649249
24hrTicker,2025-06-10T15:38:43.024+07:00,ETHUSDT,188.88,7.584,2625.312599,2490.66,2679.53,0.6662,2679.53,33.5581,2679.54,75.2373,2490.65,2726.78,2488.24,776009.5573,2.04E+09,2025-06-09T15:38:42.999+07:00,2025-06-10T15:38:42.999+07:00,2508382754,2512032006,3649253
24hrTicker,2025-06-10T15:38:44.033+07:00,ETHUSDT,188.89,7.584,2625.312937,2490.65,2679.54,0.219,2679.53,32.946,2679.54,68.3763,2490.65,2726.78,2488.24,776007.9176,2.04E+09,2025-06-09T15:38:44.004+07:00,2025-06-10T15:38:44.004+07:00,2508382758,2512032011,3649254
24hrTicker,2025-06-10T15:38:45.033+07:00,ETHUSDT,189.17,7.596,2625.316064,2490.37,2679.54,1.12,2679.53,72.9566,2679.54,44.8467,2490.37,2726.78,2488.24,775991.5932,2.04E+09,2025-06-09T15:38:45.011+07:00,2025-06-10T15:38:45.011+07:00,2508382829,2512032014,3649186
24hrTicker,2025-06-10T15:38:46.037+07:00,ETHUSDT,189.39,7.605,2625.317337,2490.37,2679.77,2.2283,2679.77,89.3163,2679.78,0.0359,2490.38,2726.78,2488.24,776009.7524,2.04E+09,2025-06-09T15:38:46.014+07:00,2025-06-10T15:38:46.014+07:00,2508382830,2512032119,3649290
24hrTicker,2025-06-10T15:38:17.023+07:00,BTCUSDT,3521.65,3.331,108641.2123,105719.99,109241.63,0.00568,109241.63,2.98959,109241.64,5.12745,105719.98,110530.17,105687.95,21454.20429,2.33E+09,2025-06-09T15:38:17.001+07:00,2025-06-10T15:38:17.001+07:00,4993820660,4996875720,3055061
24hrTicker,2025-06-10T15:38:18.023+07:00,BTCUSDT,3521.64,3.331,108641.2172,105719.98,109241.63,0.00575,109241.63,2.99872,109241.64,5.12822,105719.99,110530.17,105687.95,21454.16832,2.33E+09,2025-06-09T15:38:18.008+07:00,2025-06-10T15:38:18.008+07:00,4993820673,4996875721,3055049
24hrTicker,2025-06-10T15:38:19.023+07:00,BTCUSDT,3521.66,3.331,108641.2227,105719.99,109241.64,1.80E-04,109241.63,2.99881,109241.64,5.1277,105719.98,110530.17,105687.95,21454.12823,2.33E+09,2025-06-09T15:38:19.001+07:00,2025-06-10T15:38:19.001+07:00,4993820677,4996875724,3055048
24hrTicker,2025-06-10T15:38:20.023+07:00,BTCUSDT,3521.65,3.331,108641.2401,105719.99,109241.64,4.20E-04,109241.63,2.99878,109241.64,5.58583,105719.99,110530.17,105687.95,21454.00087,2.33E+09,2025-06-09T15:38:20.001+07:00,2025-06-10T15:38:20.001+07:00,4993820686,4996875725,3055040
24hrTicker,2025-06-10T15:38:21.023+07:00,BTCUSDT,3521.66,3.331,108641.2439,105719.99,109241.64,0.09162,109241.63,2.11335,109241.64,5.03125,105719.98,110530.17,105687.95,21454.08302,2.33E+09,2025-06-09T15:38:21.012+07:00,2025-06-10T15:38:21.012+07:00,4993820696,4996875726,3055031
24hrTicker,2025-06-10T15:38:22.023+07:00,BTCUSDT,3521.66,3.331,108641.2453,105719.99,109241.64,0.0923,109241.63,2.04723,109241.64,5.03607,105719.98,110530.17,105687.95,21454.0731,2.33E+09,2025-06-09T15:38:22.013+07:00,2025-06-10T15:38:22.013+07:00,4993820708,4996875730,3055023
24hrTicker,2025-06-10T15:38:23.023+07:00,BTCUSDT,3521.66,3.331,108641.2474,105719.98,109241.64,3.20E-04,109241.63,0.01933,109241.64,6.10884,105719.98,110530.17,105687.95,21454.06059,2.33E+09,2025-06-09T15:38:23.013+07:00,2025-06-10T15:38:23.013+07:00,4993820711,4996875733,3055023
24hrTicker,2025-06-10T15:38:24.023+07:00,BTCUSDT,3521.65,3.331,108641.3436,105719.99,109241.64,3.20E-04,109241.63,0.01002,109241.64,6.13079,105719.99,110530.17,105687.95,21453.35361,2.33E+09,2025-06-09T15:38:24.007+07:00,2025-06-10T15:38:24.007+07:00,4993820769,4996875733,3054965
24hrTicker,2025-06-10T15:38:25.023+07:00,BTCUSDT,3521.65,3.331,108641.3442,105719.99,109241.63,0.01817,109241.63,0.34667,109241.64,5.53662,105719.98,110530.17,105687.95,21453.37138,2.33E+09,2025-06-09T15:38:25.009+07:00,2025-06-10T15:38:25.009+07:00,4993820772,4996875756,3054985
24hrTicker,2025-06-10T15:38:26.023+07:00,BTCUSDT,3509.01,3.319,108641.3641,105719.98,109229,0.00239,109228.99,2.43606,109229,4.22887,105719.99,110530.17,105687.95,21454.0876,2.33E+09,2025-06-09T15:38:26.012+07:00,2025-06-10T15:38:26.012+07:00,4993820773,4996875864,3055092
24hrTicker,2025-06-10T15:38:27.023+07:00,BTCUSDT,3509.01,3.319,108641.3647,105719.99,109229,0.00325,109228.99,3.52698,109229,3.56595,105719.99,110530.17,105687.95,21454.08471,2.33E+09,2025-06-09T15:38:27.012+07:00,2025-06-10T15:38:27.012+07:00,4993820778,4996875866,3055089
24hrTicker,2025-06-10T15:38:28.023+07:00,BTCUSDT,3508.06,3.318,108641.4964,105720.94,109229,0.01373,109228.99,2.09054,109229,3.5705,105720.94,110530.17,105687.95,21453.18398,2.33E+09,2025-06-09T15:38:28.004+07:00,2025-06-10T15:38:28.004+07:00,4993820897,4996875869,3054973
24hrTicker,2025-06-10T15:38:29.023+07:00,BTCUSDT,3501.8,3.312,108641.6567,105727.19,109228.99,0.00345,109228.99,3.19885,109229,3.62085,105727.19,110530.17,105687.95,21452.00873,2.33E+09,2025-06-09T15:38:29.001+07:00,2025-06-10T15:38:29.001+07:00,4993821012,4996875871,3054860
24hrTicker,2025-06-10T15:38:30.023+07:00,BTCUSDT,3501.81,3.312,108641.6571,105727.19,109229,5.70E-04,109228.99,0.07201,109229,3.70502,105727.19,110530.17,105687.95,21452.00817,2.33E+09,2025-06-09T15:38:30.013+07:00,2025-06-10T15:38:30.013+07:00,4993821015,4996875873,3054859
24hrTicker,2025-06-10T15:38:31.023+07:00,BTCUSDT,3493.61,3.304,108641.6818,105727.19,109220.81,0.14057,109220.8,0.60029,109220.81,8.1932,105727.2,110530.17,105687.95,21452.39871,2.33E+09,2025-06-09T15:38:31.007+07:00,2025-06-10T15:38:31.007+07:00,4993821022,4996876116,3055095
24hrTicker,2025-06-10T15:38:32.023+07:00,BTCUSDT,3493.61,3.304,108641.7406,105727.19,109220.81,0.14057,109220.8,0.77733,109220.81,8.2059,105727.2,110530.17,105687.95,21451.96537,2.33E+09,2025-06-09T15:38:32.007+07:00,2025-06-10T15:38:32.007+07:00,4993821050,4996876116,3055067
24hrTicker,2025-06-10T15:38:33.023+07:00,BTCUSDT,3493.61,3.304,108641.9324,105727.2,109220.8,5.00E-04,109220.8,0.01721,109220.81,9.54376,105727.19,110530.17,105687.95,21450.85227,2.33E+09,2025-06-09T15:38:33.012+07:00,2025-06-10T15:38:33.012+07:00,4993821080,4996876125,3055046
24hrTicker,2025-06-10T15:38:34.023+07:00,BTCUSDT,3484.81,3.296,108641.9358,105727.19,109212.01,0.00274,109212,0.0044,109212.01,10.14258,105727.2,110530.17,105687.95,21450.97694,2.33E+09,2025-06-09T15:38:34.011+07:00,2025-06-10T15:38:34.011+07:00,4993821083,4996876503,3055421
24hrTicker,2025-06-10T15:38:35.023+07:00,BTCUSDT,3484.82,3.296,108641.9368,105727.2,109212.01,0.00274,109212,0.00932,109212.01,10.34268,105727.19,110530.17,105687.95,21450.96938,2.33E+09,2025-06-09T15:38:35.001+07:00,2025-06-10T15:38:35.001+07:00,4993821095,4996876503,3055409
24hrTicker,2025-06-10T15:38:36.023+07:00,BTCUSDT,3479.37,3.291,108641.9404,105727.2,109206.57,5.00E-05,109206.54,0.0094,109206.55,11.06917,105727.2,110530.17,105687.95,21450.9791,2.33E+09,2025-06-09T15:38:36.007+07:00,2025-06-10T15:38:36.007+07:00,4993821099,4996876624,3055526
24hrTicker,2025-06-10T15:38:37.023+07:00,BTCUSDT,3474.62,3.286,108641.9736,105727.2,109201.82,2.70E-04,109201.81,0.25962,109201.82,8.64304,105727.2,110530.17,105687.95,21450.75947,2.33E+09,2025-06-09T15:38:37.001+07:00,2025-06-10T15:38:37.001+07:00,4993821122,4996876703,3055582
24hrTicker,2025-06-10T15:38:38.023+07:00,BTCUSDT,3473.59,3.285,108642.0378,105727.21,109200.8,0.005,109200.8,0.17824,109200.81,8.79555,105727.21,110530.17,105687.95,21450.31054,2.33E+09,2025-06-09T15:38:38.012+07:00,2025-06-10T15:38:38.012+07:00,4993821151,4996876755,3055605
24hrTicker,2025-06-10T15:38:39.023+07:00,BTCUSDT,3467.75,3.28,108642.0889,105733.04,109200.8,0.04478,109200.8,0.43232,109200.81,8.89415,105733.05,110530.17,105687.95,21449.9817,2.33E+09,2025-06-09T15:38:39.013+07:00,2025-06-10T15:38:39.013+07:00,4993821277,4996876760,3055484
24hrTicker,2025-06-10T15:38:40.023+07:00,BTCUSDT,3467.76,3.28,108642.0898,105733.05,109200.8,0.03328,109200.8,0.10386,109200.81,8.9763,105733.04,110530.17,105687.95,21450.01851,2.33E+09,2025-06-09T15:38:40.013+07:00,2025-06-10T15:38:40.013+07:00,4993821278,4996876763,3055486
24hrTicker,2025-06-10T15:38:41.014+07:00,BTCUSDT,3467.76,3.28,108642.0901,105733.05,109200.8,5.70E-04,109200.8,0.26833,109200.81,8.95133,105733.04,110530.17,105687.95,21450.02677,2.33E+09,2025-06-09T15:38:41.007+07:00,2025-06-10T15:38:41.007+07:00,4993821278,4996876767,3055490
24hrTicker,2025-06-10T15:38:42.023+07:00,BTCUSDT,3467.76,3.28,108642.0904,105733.05,109200.8,0.00752,109200.8,0.08953,109200.81,8.97538,105733.04,110530.17,105687.95,21450.03263,2.33E+09,2025-06-09T15:38:42.008+07:00,2025-06-10T15:38:42.008+07:00,4993821280,4996876770,3055491
24hrTicker,2025-06-10T15:38:43.024+07:00,BTCUSDT,3456.83,3.269,108642.1018,105733.05,109189.87,5.00E-04,109189.87,2.15079,109189.88,8.36301,105733.04,110530.17,105687.95,21450.2696,2.33E+09,2025-06-09T15:38:43.012+07:00,2025-06-10T15:38:43.012+07:00,4993821286,4996876886,3055601
24hrTicker,2025-06-10T15:38:44.023+07:00,BTCUSDT,3456.83,3.269,108642.1019,105733.04,109189.87,5.00E-04,109189.87,2.15089,109189.88,8.378,105733.04,110530.17,105687.95,21450.26954,2.33E+09,2025-06-09T15:38:44.001+07:00,2025-06-10T15:38:44.001+07:00,4993821287,4996876886,3055600
24hrTicker,2025-06-10T15:38:45.023+07:00,BTCUSDT,3456.83,3.269,108642.1023,105733.04,109189.88,0.00183,109189.87,2.15439,109189.88,8.3423,105733.05,110530.17,105687.95,21450.26825,2.33E+09,2025-06-09T15:38:45.002+07:00,2025-06-10T15:38:45.002+07:00,4993821292,4996876887,3055596
24hrTicker,2025-06-10T15:38:46.026+07:00,BTCUSDT,3456.83,3.269,108642.1116,105733.05,109189.88,0.09182,109189.87,5.19003,109189.88,0.40407,105733.05,110530.17,105687.95,21450.30692,2.33E+09,2025-06-09T15:38:46.013+07:00,2025-06-10T15:38:46.013+07:00,4993821300,4996876891,3055592
24hrTicker,2025-06-10T15:38:21.034+07:00,ETHUSDT,190.18,7.636,2625.305479,2490.66,2680.84,1.1941,2680.83,49.5783,2680.84,60.3648,2490.66,2726.78,2488.24,776018.2416,2.04E+09,2025-06-09T15:38:21.014+07:00,2025-06-10T15:38:21.014+07:00,2508382710,2512031353,3648644
24hrTicker,2025-06-10T15:38:22.033+07:00,ETHUSDT,190.17,7.635,2625.305516,2490.66,2680.83,0.1864,2680.83,18.8551,2680.84,73.9328,2490.66,2726.78,2488.24,776018.2938,2.04E+09,2025-06-09T15:38:22.014+07:00,2025-06-10T15:38:22.014+07:00,2508382711,2512031362,3648652
24hrTicker,2025-06-10T15:38:23.033+07:00,ETHUSDT,190.18,7.636,2625.305543,2490.66,2680.84,0.2736,2680.83,0.0655,2680.84,70.5158,2490.66,2726.78,2488.24,776018.5234,2.04E+09,2025-06-09T15:38:23.014+07:00,2025-06-10T15:38:23.014+07:00,2508382713,2512031368,3648656
24hrTicker,2025-06-10T15:38:24.033+07:00,ETHUSDT,190.14,7.634,2625.307328,2490.65,2680.79,0.002,2680.78,0.0339,2680.79,98.6148,2490.65,2726.78,2488.24,776009.085,2.04E+09,2025-06-09T15:38:24.011+07:00,2025-06-10T15:38:24.011+07:00,2508382720,2512031411,3648692
24hrTicker,2025-06-10T15:38:25.033+07:00,ETHUSDT,190.13,7.634,2625.307425,2490.66,2680.79,1.121,2680.78,0.0655,2680.79,97.6838,2490.66,2726.78,2488.24,776010.1081,2.04E+09,2025-06-09T15:38:24.987+07:00,2025-06-10T15:38:24.987+07:00,2508382723,2512031412,3648690
24hrTicker,2025-06-10T15:38:26.033+07:00,ETHUSDT,189.96,7.627,2625.307494,2490.65,2680.61,0.1921,2680.6,0.0248,2680.61,55.9926,2490.65,2726.78,2488.24,776010.6256,2.04E+09,2025-06-09T15:38:26.012+07:00,2025-06-10T15:38:26.012+07:00,2508382726,2512031531,3648806
24hrTicker,2025-06-10T15:38:27.033+07:00,ETHUSDT,189.94,7.626,2625.307498,2490.65,2680.6,0.0059,2680.6,51.1121,2680.61,31.9119,2490.66,2726.78,2488.24,776010.608,2.04E+09,2025-06-09T15:38:27.010+07:00,2025-06-10T15:38:27.010+07:00,2508382727,2512031533,3648807
24hrTicker,2025-06-10T15:38:28.033+07:00,ETHUSDT,189.95,7.627,2625.308578,2490.66,2680.6,0.031,2680.6,38.4331,2680.61,52.2064,2490.65,2726.78,2488.24,776005.1538,2.04E+09,2025-06-09T15:38:28.008+07:00,2025-06-10T15:38:28.008+07:00,2508382731,2512031537,3648807
24hrTicker,2025-06-10T15:38:29.033+07:00,ETHUSDT,189.95,7.626,2625.308877,2490.65,2680.61,1.12,2680.6,55.6718,2680.61,29.7341,2490.66,2726.78,2488.24,776009.1291,2.04E+09,2025-06-09T15:38:29.012+07:00,2025-06-10T15:38:29.012+07:00,2508382732,2512031540,3648809
24hrTicker,2025-06-10T15:38:30.034+07:00,ETHUSDT,189.95,7.626,2625.308891,2490.66,2680.61,1.12,2680.6,0.0643,2680.61,58.3533,2490.66,2726.78,2488.24,776009.0515,2.04E+09,2025-06-09T15:38:30.010+07:00,2025-06-10T15:38:30.010+07:00,2508382735,2512031540,3648806
24hrTicker,2025-06-10T15:38:31.033+07:00,ETHUSDT,189.75,7.618,2625.308982,2490.66,2680.41,0.002,2680.4,3.1742,2680.41,105.2529,2490.66,2726.78,2488.24,776010.1266,2.04E+09,2025-06-09T15:38:30.989+07:00,2025-06-10T15:38:30.989+07:00,2508382737,2512031633,3648897
24hrTicker,2025-06-10T15:38:32.032+07:00,ETHUSDT,189.75,7.618,2625.309239,2490.66,2680.41,0.0657,2680.4,17.4413,2680.41,103.6686,2490.66,2726.78,2488.24,776008.7342,2.04E+09,2025-06-09T15:38:31.997+07:00,2025-06-10T15:38:31.997+07:00,2508382742,2512031634,3648893
24hrTicker,2025-06-10T15:38:33.023+07:00,ETHUSDT,189.75,7.618,2625.309319,2490.66,2680.41,1.1857,2680.4,6.1789,2680.41,93.8461,2490.66,2726.78,2488.24,776009.8542,2.04E+09,2025-06-09T15:38:33.013+07:00,2025-06-10T15:38:33.013+07:00,2508382742,2512031635,3648894
24hrTicker,2025-06-10T15:38:34.023+07:00,ETHUSDT,189.33,7.602,2625.309852,2490.66,2679.99,1.7898,2679.99,0.0219,2680,116.0589,2490.66,2726.78,2488.24,776017.3964,2.04E+09,2025-06-09T15:38:33.996+07:00,2025-06-10T15:38:33.996+07:00,2508382742,2512031811,3649070
24hrTicker,2025-06-10T15:38:35.033+07:00,ETHUSDT,189.33,7.602,2625.309999,2490.66,2679.99,1.7898,2679.99,0.0359,2680,111.8841,2490.66,2726.78,2488.24,776016.5471,2.04E+09,2025-06-09T15:38:35.014+07:00,2025-06-10T15:38:35.014+07:00,2508382743,2512031811,3649069
24hrTicker,2025-06-10T15:38:36.033+07:00,ETHUSDT,189.11,7.593,2625.310037,2490.65,2679.77,0.0142,2679.76,0.0254,2679.77,113.6687,2490.66,2726.78,2488.24,776017.0089,2.04E+09,2025-06-09T15:38:36.014+07:00,2025-06-10T15:38:36.014+07:00,2508382745,2512031902,3649158
24hrTicker,2025-06-10T15:38:37.023+07:00,ETHUSDT,189.11,7.593,2625.310115,2490.65,2679.77,1.1342,2679.76,0.0274,2679.77,111.1783,2490.66,2726.78,2488.24,776018.1289,2.04E+09,2025-06-09T15:38:37.011+07:00,2025-06-10T15:38:37.011+07:00,2508382745,2512031904,3649160
24hrTicker,2025-06-10T15:38:38.033+07:00,ETHUSDT,188.88,7.584,2625.310183,2490.66,2679.53,0.0705,2679.53,24.4959,2679.54,99.6229,2490.65,2726.78,2488.24,776018.8763,2.04E+09,2025-06-09T15:38:38.009+07:00,2025-06-10T15:38:38.009+07:00,2508382747,2512031992,3649246
24hrTicker,2025-06-10T15:38:39.033+07:00,ETHUSDT,188.87,7.583,2625.310186,2490.65,2679.53,0.0948,2679.53,57.0985,2679.54,19.7485,2490.66,2726.78,2488.24,776018.8882,2.04E+09,2025-06-09T15:38:39.013+07:00,2025-06-10T15:38:39.013+07:00,2508382748,2512031996,3649249
24hrTicker,2025-06-10T15:38:40.023+07:00,ETHUSDT,188.88,7.584,2625.310256,2490.65,2679.54,1,2679.53,79.518,2679.54,17.294,2490.66,2726.78,2488.24,776019.8882,2.04E+09,2025-06-09T15:38:39.968+07:00,2025-06-10T15:38:39.968+07:00,2508382748,2512031997,3649250
24hrTicker,2025-06-10T15:38:41.025+07:00,ETHUSDT,188.88,7.584,2625.312488,2490.66,2679.54,2.12,2679.53,39.7596,2679.54,35.4752,2490.66,2726.78,2488.24,776008.6,2.04E+09,2025-06-09T15:38:40.961+07:00,2025-06-10T15:38:40.961+07:00,2508382753,2512032000,3649248
24hrTicker,2025-06-10T15:38:42.033+07:00,ETHUSDT,188.89,7.584,2625.312527,2490.66,2679.54,2.2227,2679.53,39.7627,2679.54,35.3794,2490.65,2726.78,2488.24,776008.518,2.04E+09,2025-06-09T15:38:41.919+07:00,2025-06-10T15:38:41.919+07:00,2508382754,2512032002,3649249
24hrTicker,2025-06-10T15:38:43.024+07:00,ETHUSDT,188.88,7.584,2625.312599,2490.66,2679.53,0.6662,2679.53,33.5581,2679.54,75.2373,2490.65,2726.78,2488.24,776009.5573,2.04E+09,2025-06-09T15:38:42.999+07:00,2025-06-10T15:38:42.999+07:00,2508382754,2512032006,3649253
24hrTicker,2025-06-10T15:38:44.033+07:00,ETHUSDT,188.89,7.584,2625.312937,2490.65,2679.54,0.219,2679.53,32.946,2679.54,68.3763,2490.65,2726.78,2488.24,776007.9176,2.04E+09,2025-06-09T15:38:44.004+07:00,2025-06-10T15:38:44.004+07:00,2508382758,2512032011,3649254
24hrTicker,2025-06-10T15:38:45.033+07:00,ETHUSDT,189.17,7.596,2625.316064,2490.37,2679.54,1.12,2679.53,72.9566,2679.54,44.8467,2490.37,2726.78,2488.24,775991.5932,2.04E+09,2025-06-09T15:38:45.011+07:00,2025-06-10T15:38:45.011+07:00,2508382829,2512032014,3649186
24hrTicker,2025-06-10T15:38:46.037+07:00,ETHUSDT,189.39,7.605,2625.317337,2490.37,2679.77,2.2283,2679.77,89.3163,2679.78,0.0359,2490.38,2726.78,2488.24,776009.7524,2.04E+09,2025-06-09T15:38:46.014+07:00,2025-06-10T15:38:46.014+07:00,2508382830,2512032119,3649290
24hrTicker,2025-06-10T15:38:47.023+07:00,ETHUSDT,189.67,7.616,2625.317587,2490.37,2680.05,0.0506,2680.04,112.3714,2680.05,23.0617,2490.38,2726.78,2488.24,776013.3044,2.04E+09,2025-06-09T15:38:46.986+07:00,2025-06-10T15:38:46.986+07:00,2508382830,2512032216,3649387
24hrTicker,2025-06-10T15:38:48.034+07:00,ETHUSDT,189.68,7.617,2625.317764,2490.38,2680.05,0.0506,2680.04,59.5165,2680.05,45.416,2490.37,2726.78,2488.24,776012.287,2.04E+09,2025-06-09T15:38:48.005+07:00,2025-06-10T15:38:48.005+07:00,2508382835,2512032216,3649382
24hrTicker,2025-06-10T15:38:16.795+07:00,SOLUSDT,6.98,4.616,156.9502676,151.21,158.2,4.746,158.2,721.786,158.21,214.704,151.22,161.82,151,3231274.21,5.07E+08,2025-06-09T15:38:16.788+07:00,2025-06-10T15:38:16.788+07:00,1324969047,1326972353,2003307
24hrTicker,2025-06-10T15:38:17.795+07:00,SOLUSDT,6.98,4.616,156.9502679,151.21,158.2,0.05,158.2,784.75,158.21,135.223,151.22,161.82,151,3231274.892,5.07E+08,2025-06-09T15:38:17.739+07:00,2025-06-10T15:38:17.739+07:00,1324969047,1326972358,2003312
24hrTicker,2025-06-10T15:38:18.795+07:00,SOLUSDT,6.98,4.616,156.9502682,151.21,158.2,0.856,158.2,784.394,158.21,174.228,151.22,161.82,151,3231275.698,5.07E+08,2025-06-09T15:38:18.739+07:00,2025-06-10T15:38:18.739+07:00,1324969047,1326972360,2003314
24hrTicker,2025-06-10T15:38:19.795+07:00,SOLUSDT,7,4.629,156.95027,151.21,158.22,0.454,158.22,940.097,158.23,197.557,151.22,161.82,151,3231280.212,5.07E+08,2025-06-09T15:38:19.788+07:00,2025-06-10T15:38:19.788+07:00,1324969047,1326972387,2003341
24hrTicker,2025-06-10T15:38:20.801+07:00,SOLUSDT,7,4.629,156.9502703,151.22,158.22,0.05,158.22,818.623,158.23,363.08,151.22,161.82,151,3231280.726,5.07E+08,2025-06-09T15:38:20.772+07:00,2025-06-10T15:38:20.772+07:00,1324969049,1326972389,2003341
24hrTicker,2025-06-10T15:38:21.801+07:00,SOLUSDT,6.99,4.622,156.9502999,151.23,158.22,0.1,158.22,422.575,158.23,348.396,151.23,161.82,151,3231264.055,5.07E+08,2025-06-09T15:38:21.727+07:00,2025-06-10T15:38:21.727+07:00,1324969126,1326972390,2003265
24hrTicker,2025-06-10T15:38:22.801+07:00,SOLUSDT,6.99,4.622,156.9503045,151.23,158.22,11.582,158.21,282.852,158.22,915.588,151.23,161.82,151,3231275.498,5.07E+08,2025-06-09T15:38:22.790+07:00,2025-06-10T15:38:22.790+07:00,1324969127,1326972420,2003294
24hrTicker,2025-06-10T15:38:23.796+07:00,SOLUSDT,6.97,4.609,156.9503067,151.23,158.2,0.05,158.2,20.149,158.21,1039.001,151.23,161.82,151,3231281.143,5.07E+08,2025-06-09T15:38:23.791+07:00,2025-06-10T15:38:23.791+07:00,1324969127,1326972455,2003329
24hrTicker,2025-06-10T15:38:24.795+07:00,SOLUSDT,6.97,4.609,156.9503067,151.23,158.2,0.1,158.2,286.219,158.21,791.466,151.23,161.82,151,3231281.193,5.07E+08,2025-06-09T15:38:24.757+07:00,2025-06-10T15:38:24.757+07:00,1324969127,1326972457,2003331
24hrTicker,2025-06-10T15:38:25.800+07:00,SOLUSDT,6.97,4.609,156.9515241,151.24,158.21,3.16,158.2,20.578,158.21,838.264,151.24,161.82,151,3230598.835,5.07E+08,2025-06-09T15:38:25.769+07:00,2025-06-10T15:38:25.769+07:00,1324969411,1326972460,2003050
24hrTicker,2025-06-10T15:38:26.800+07:00,SOLUSDT,6.95,4.595,156.9515255,151.24,158.2,0.05,158.2,186.583,158.21,838.264,151.25,161.82,151,3230598.112,5.07E+08,2025-06-09T15:38:26.792+07:00,2025-06-10T15:38:26.792+07:00,1324969426,1326972463,2003038
24hrTicker,2025-06-10T15:38:27.800+07:00,SOLUSDT,6.95,4.595,156.9515273,151.25,158.2,0.1,158.2,2.024,158.21,839.078,151.25,161.82,151,3230597.135,5.07E+08,2025-06-09T15:38:27.783+07:00,2025-06-10T15:38:27.783+07:00,1324969434,1326972465,2003032
24hrTicker,2025-06-10T15:38:28.801+07:00,SOLUSDT,6.95,4.595,156.9516639,151.25,158.2,0.15,158.2,21.405,158.21,838.478,151.25,161.82,151,3230519.89,5.07E+08,2025-06-09T15:38:28.774+07:00,2025-06-10T15:38:28.774+07:00,1324969471,1326972468,2002998
24hrTicker,2025-06-10T15:38:29.801+07:00,SOLUSDT,6.95,4.595,156.9516927,151.25,158.2,0.2,158.2,148.336,158.21,775.298,151.25,161.82,151,3230503.654,5.07E+08,2025-06-09T15:38:29.786+07:00,2025-06-10T15:38:29.786+07:00,1324969473,1326972470,2002998
24hrTicker,2025-06-10T15:38:30.801+07:00,SOLUSDT,6.91,4.568,156.9517833,151.25,158.17,2.8,158.17,193.413,158.18,1082.282,151.26,161.82,151,3230474.798,5.07E+08,2025-06-09T15:38:30.780+07:00,2025-06-10T15:38:30.780+07:00,1324969506,1326972584,2003079
24hrTicker,2025-06-10T15:38:31.795+07:00,SOLUSDT,6.91,4.568,156.9517833,151.25,158.17,2.85,158.17,262.14,158.18,965.971,151.26,161.82,151,3230474.848,5.07E+08,2025-06-09T15:38:31.757+07:00,2025-06-10T15:38:31.757+07:00,1324969506,1326972585,2003080
24hrTicker,2025-06-10T15:38:32.795+07:00,SOLUSDT,6.92,4.575,156.9518052,151.25,158.18,7.775,158.17,177.516,158.18,1021.388,151.26,161.82,151,3230532.673,5.07E+08,2025-06-09T15:38:32.769+07:00,2025-06-10T15:38:32.769+07:00,1324969506,1326972612,2003107
24hrTicker,2025-06-10T15:38:33.800+07:00,SOLUSDT,6.88,4.548,156.9518212,151.26,158.14,2.93,158.13,58.929,158.14,991.278,151.26,161.82,151,3230568.338,5.07E+08,2025-06-09T15:38:33.793+07:00,2025-06-10T15:38:33.793+07:00,1324969507,1326972740,2003234
24hrTicker,2025-06-10T15:38:34.801+07:00,SOLUSDT,6.88,4.549,156.9518958,151.26,158.13,0.1,158.13,61.98,158.14,1046.776,151.25,161.82,151,3230528.045,5.07E+08,2025-06-09T15:38:34.756+07:00,2025-06-10T15:38:34.756+07:00,1324969512,1326972749,2003238
24hrTicker,2025-06-10T15:38:35.801+07:00,SOLUSDT,6.88,4.549,156.9520413,151.24,158.13,2.859,158.12,0.879,158.13,1085.896,151.25,161.82,151,3230451.46,5.07E+08,2025-06-09T15:38:35.790+07:00,2025-06-10T15:38:35.790+07:00,1324969559,1326972782,2003224
24hrTicker,2025-06-10T15:38:36.795+07:00,SOLUSDT,6.86,4.536,156.9520434,151.24,158.11,2.302,158.11,181.828,158.12,1013.698,151.25,161.82,151,3230457.294,5.07E+08,2025-06-09T15:38:36.783+07:00,2025-06-10T15:38:36.783+07:00,1324969559,1326972831,2003273
24hrTicker,2025-06-10T15:38:37.800+07:00,SOLUSDT,6.86,4.536,156.9520452,151.25,158.1,0.179,158.1,217.176,158.11,1168.171,151.24,161.82,151,3230459.371,5.07E+08,2025-06-09T15:38:37.771+07:00,2025-06-10T15:38:37.771+07:00,1324969560,1326972856,2003297
24hrTicker,2025-06-10T15:38:38.800+07:00,SOLUSDT,6.86,4.536,156.9520468,151.24,158.1,0.279,158.1,219.142,158.11,1103.092,151.24,161.82,151,3230458.606,5.07E+08,2025-06-09T15:38:38.789+07:00,2025-06-10T15:38:38.789+07:00,1324969561,1326972858,2003298
24hrTicker,2025-06-10T15:38:39.801+07:00,SOLUSDT,6.89,4.556,156.9520726,151.22,158.11,1.871,158.11,916.565,158.12,318.056,151.22,161.82,151,3230446.274,5.07E+08,2025-06-09T15:38:39.786+07:00,2025-06-10T15:38:39.786+07:00,1324969651,1326972867,2003217
24hrTicker,2025-06-10T15:38:40.795+07:00,SOLUSDT,6.89,4.556,156.9520731,151.22,158.11,0.05,158.11,728.986,158.12,322.284,151.22,161.82,151,3230447.66,5.07E+08,2025-06-09T15:38:40.784+07:00,2025-06-10T15:38:40.784+07:00,1324969651,1326972869,2003219
24hrTicker,2025-06-10T15:38:41.801+07:00,SOLUSDT,6.9,4.563,156.9520743,151.22,158.11,0.1,158.11,729.133,158.12,339.495,151.21,161.82,151,3230447.043,5.07E+08,2025-06-09T15:38:41.736+07:00,2025-06-10T15:38:41.736+07:00,1324969652,1326972870,2003219
24hrTicker,2025-06-10T15:38:42.801+07:00,SOLUSDT,6.89,4.556,156.9520912,151.21,158.11,0.15,158.11,728.711,158.12,376.529,151.22,161.82,151,3230437.59,5.07E+08,2025-06-09T15:38:42.765+07:00,2025-06-10T15:38:42.765+07:00,1324969674,1326972871,2003198
24hrTicker,2025-06-10T15:38:43.795+07:00,SOLUSDT,6.89,4.556,156.9520912,151.21,158.11,0.2,158.11,728.661,158.12,328.956,151.22,161.82,151,3230437.64,5.07E+08,2025-06-09T15:38:43.697+07:00,2025-06-10T15:38:43.697+07:00,1324969674,1326972872,2003199
24hrTicker,2025-06-10T15:38:44.801+07:00,SOLUSDT,6.89,4.556,156.9520927,151.22,158.11,0.25,158.11,728.671,158.12,212.182,151.22,161.82,151,3230436.84,5.07E+08,2025-06-09T15:38:44.781+07:00,2025-06-10T15:38:44.781+07:00,1324969675,1326972873,2003199
24hrTicker,2025-06-10T15:38:45.800+07:00,SOLUSDT,6.94,4.59,156.9521417,151.2,158.13,0.529,158.13,980.321,158.14,234.125,151.19,161.82,151,3230488.633,5.07E+08,2025-06-09T15:38:45.793+07:00,2025-06-10T15:38:45.793+07:00,1324969734,1326972907,2003174
24hrTicker,2025-06-10T15:38:21.023+07:00,BTCUSDT,3521.66,3.331,108641.2439,105719.99,109241.64,0.09162,109241.63,2.11335,109241.64,5.03125,105719.98,110530.17,105687.95,21454.08302,2.33E+09,2025-06-09T15:38:21.012+07:00,2025-06-10T15:38:21.012+07:00,4993820696,4996875726,3055031
24hrTicker,2025-06-10T15:38:22.023+07:00,BTCUSDT,3521.66,3.331,108641.2453,105719.99,109241.64,0.0923,109241.63,2.04723,109241.64,5.03607,105719.98,110530.17,105687.95,21454.0731,2.33E+09,2025-06-09T15:38:22.013+07:00,2025-06-10T15:38:22.013+07:00,4993820708,4996875730,3055023
24hrTicker,2025-06-10T15:38:23.023+07:00,BTCUSDT,3521.66,3.331,108641.2474,105719.98,109241.64,3.20E-04,109241.63,0.01933,109241.64,6.10884,105719.98,110530.17,105687.95,21454.06059,2.33E+09,2025-06-09T15:38:23.013+07:00,2025-06-10T15:38:23.013+07:00,4993820711,4996875733,3055023
24hrTicker,2025-06-10T15:38:24.023+07:00,BTCUSDT,3521.65,3.331,108641.3436,105719.99,109241.64,3.20E-04,109241.63,0.01002,109241.64,6.13079,105719.99,110530.17,105687.95,21453.35361,2.33E+09,2025-06-09T15:38:24.007+07:00,2025-06-10T15:38:24.007+07:00,4993820769,4996875733,3054965
24hrTicker,2025-06-10T15:38:25.023+07:00,BTCUSDT,3521.65,3.331,108641.3442,105719.99,109241.63,0.01817,109241.63,0.34667,109241.64,5.53662,105719.98,110530.17,105687.95,21453.37138,2.33E+09,2025-06-09T15:38:25.009+07:00,2025-06-10T15:38:25.009+07:00,4993820772,4996875756,3054985
24hrTicker,2025-06-10T15:38:26.023+07:00,BTCUSDT,3509.01,3.319,108641.3641,105719.98,109229,0.00239,109228.99,2.43606,109229,4.22887,105719.99,110530.17,105687.95,21454.0876,2.33E+09,2025-06-09T15:38:26.012+07:00,2025-06-10T15:38:26.012+07:00,4993820773,4996875864,3055092
24hrTicker,2025-06-10T15:38:27.023+07:00,BTCUSDT,3509.01,3.319,108641.3647,105719.99,109229,0.00325,109228.99,3.52698,109229,3.56595,105719.99,110530.17,105687.95,21454.08471,2.33E+09,2025-06-09T15:38:27.012+07:00,2025-06-10T15:38:27.012+07:00,4993820778,4996875866,3055089
24hrTicker,2025-06-10T15:38:28.023+07:00,BTCUSDT,3508.06,3.318,108641.4964,105720.94,109229,0.01373,109228.99,2.09054,109229,3.5705,105720.94,110530.17,105687.95,21453.18398,2.33E+09,2025-06-09T15:38:28.004+07:00,2025-06-10T15:38:28.004+07:00,4993820897,4996875869,3054973
24hrTicker,2025-06-10T15:38:29.023+07:00,BTCUSDT,3501.8,3.312,108641.6567,105727.19,109228.99,0.00345,109228.99,3.19885,109229,3.62085,105727.19,110530.17,105687.95,21452.00873,2.33E+09,2025-06-09T15:38:29.001+07:00,2025-06-10T15:38:29.001+07:00,4993821012,4996875871,3054860
24hrTicker,2025-06-10T15:38:30.023+07:00,BTCUSDT,3501.81,3.312,108641.6571,105727.19,109229,5.70E-04,109228.99,0.07201,109229,3.70502,105727.19,110530.17,105687.95,21452.00817,2.33E+09,2025-06-09T15:38:30.013+07:00,2025-06-10T15:38:30.013+07:00,4993821015,4996875873,3054859
24hrTicker,2025-06-10T15:38:31.023+07:00,BTCUSDT,3493.61,3.304,108641.6818,105727.19,109220.81,0.14057,109220.8,0.60029,109220.81,8.1932,105727.2,110530.17,105687.95,21452.39871,2.33E+09,2025-06-09T15:38:31.007+07:00,2025-06-10T15:38:31.007+07:00,4993821022,4996876116,3055095
24hrTicker,2025-06-10T15:38:32.023+07:00,BTCUSDT,3493.61,3.304,108641.7406,105727.19,109220.81,0.14057,109220.8,0.77733,109220.81,8.2059,105727.2,110530.17,105687.95,21451.96537,2.33E+09,2025-06-09T15:38:32.007+07:00,2025-06-10T15:38:32.007+07:00,4993821050,4996876116,3055067
24hrTicker,2025-06-10T15:38:33.023+07:00,BTCUSDT,3493.61,3.304,108641.9324,105727.2,109220.8,5.00E-04,109220.8,0.01721,109220.81,9.54376,105727.19,110530.17,105687.95,21450.85227,2.33E+09,2025-06-09T15:38:33.012+07:00,2025-06-10T15:38:33.012+07:00,4993821080,4996876125,3055046
24hrTicker,2025-06-10T15:38:34.023+07:00,BTCUSDT,3484.81,3.296,108641.9358,105727.19,109212.01,0.00274,109212,0.0044,109212.01,10.14258,105727.2,110530.17,105687.95,21450.97694,2.33E+09,2025-06-09T15:38:34.011+07:00,2025-06-10T15:38:34.011+07:00,4993821083,4996876503,3055421
24hrTicker,2025-06-10T15:38:35.023+07:00,BTCUSDT,3484.82,3.296,108641.9368,105727.2,109212.01,0.00274,109212,0.00932,109212.01,10.34268,105727.19,110530.17,105687.95,21450.96938,2.33E+09,2025-06-09T15:38:35.001+07:00,2025-06-10T15:38:35.001+07:00,4993821095,4996876503,3055409
24hrTicker,2025-06-10T15:38:36.023+07:00,BTCUSDT,3479.37,3.291,108641.9404,105727.2,109206.57,5.00E-05,109206.54,0.0094,109206.55,11.06917,105727.2,110530.17,105687.95,21450.9791,2.33E+09,2025-06-09T15:38:36.007+07:00,2025-06-10T15:38:36.007+07:00,4993821099,4996876624,3055526
24hrTicker,2025-06-10T15:38:37.023+07:00,BTCUSDT,3474.62,3.286,108641.9736,105727.2,109201.82,2.70E-04,109201.81,0.25962,109201.82,8.64304,105727.2,110530.17,105687.95,21450.75947,2.33E+09,2025-06-09T15:38:37.001+07:00,2025-06-10T15:38:37.001+07:00,4993821122,4996876703,3055582
24hrTicker,2025-06-10T15:38:38.023+07:00,BTCUSDT,3473.59,3.285,108642.0378,105727.21,109200.8,0.005,109200.8,0.17824,109200.81,8.79555,105727.21,110530.17,105687.95,21450.31054,2.33E+09,2025-06-09T15:38:38.012+07:00,2025-06-10T15:38:38.012+07:00,4993821151,4996876755,3055605
24hrTicker,2025-06-10T15:38:39.023+07:00,BTCUSDT,3467.75,3.28,108642.0889,105733.04,109200.8,0.04478,109200.8,0.43232,109200.81,8.89415,105733.05,110530.17,105687.95,21449.9817,2.33E+09,2025-06-09T15:38:39.013+07:00,2025-06-10T15:38:39.013+07:00,4993821277,4996876760,3055484
24hrTicker,2025-06-10T15:38:40.023+07:00,BTCUSDT,3467.76,3.28,108642.0898,105733.05,109200.8,0.03328,109200.8,0.10386,109200.81,8.9763,105733.04,110530.17,105687.95,21450.01851,2.33E+09,2025-06-09T15:38:40.013+07:00,2025-06-10T15:38:40.013+07:00,4993821278,4996876763,3055486
24hrTicker,2025-06-10T15:38:41.014+07:00,BTCUSDT,3467.76,3.28,108642.0901,105733.05,109200.8,5.70E-04,109200.8,0.26833,109200.81,8.95133,105733.04,110530.17,105687.95,21450.02677,2.33E+09,2025-06-09T15:38:41.007+07:00,2025-06-10T15:38:41.007+07:00,4993821278,4996876767,3055490
24hrTicker,2025-06-10T15:38:42.023+07:00,BTCUSDT,3467.76,3.28,108642.0904,105733.05,109200.8,0.00752,109200.8,0.08953,109200.81,8.97538,105733.04,110530.17,105687.95,21450.03263,2.33E+09,2025-06-09T15:38:42.008+07:00,2025-06-10T15:38:42.008+07:00,4993821280,4996876770,3055491
24hrTicker,2025-06-10T15:38:43.024+07:00,BTCUSDT,3456.83,3.269,108642.1018,105733.05,109189.87,5.00E-04,109189.87,2.15079,109189.88,8.36301,105733.04,110530.17,105687.95,21450.2696,2.33E+09,2025-06-09T15:38:43.012+07:00,2025-06-10T15:38:43.012+07:00,4993821286,4996876886,3055601
24hrTicker,2025-06-10T15:38:44.023+07:00,BTCUSDT,3456.83,3.269,108642.1019,105733.04,109189.87,5.00E-04,109189.87,2.15089,109189.88,8.378,105733.04,110530.17,105687.95,21450.26954,2.33E+09,2025-06-09T15:38:44.001+07:00,2025-06-10T15:38:44.001+07:00,4993821287,4996876886,3055600
24hrTicker,2025-06-10T15:38:45.023+07:00,BTCUSDT,3456.83,3.269,108642.1023,105733.04,109189.88,0.00183,109189.87,2.15439,109189.88,8.3423,105733.05,110530.17,105687.95,21450.26825,2.33E+09,2025-06-09T15:38:45.002+07:00,2025-06-10T15:38:45.002+07:00,4993821292,4996876887,3055596
24hrTicker,2025-06-10T15:38:46.026+07:00,BTCUSDT,3456.83,3.269,108642.1116,105733.05,109189.88,0.09182,109189.87,5.19003,109189.88,0.40407,105733.05,110530.17,105687.95,21450.30692,2.33E+09,2025-06-09T15:38:46.013+07:00,2025-06-10T15:38:46.013+07:00,4993821300,4996876891,3055592
24hrTicker,2025-06-10T15:38:47.024+07:00,BTCUSDT,3464.1,3.276,108642.1252,105733.04,109197.15,6.00E-05,109197.15,10.21087,109197.16,0.06464,105733.05,110530.17,105687.95,21450.77725,2.33E+09,2025-06-09T15:38:47.004+07:00,2025-06-10T15:38:47.004+07:00,4993821302,4996877130,3055829
24hrTicker,2025-06-10T15:38:48.023+07:00,BTCUSDT,3464.1,3.276,108642.1287,105733.04,109197.15,0.05785,109197.15,9.63553,109197.16,1.23882,105733.05,110530.17,105687.95,21450.90851,2.33E+09,2025-06-09T15:38:48.001+07:00,2025-06-10T15:38:48.001+07:00,4993821306,4996877155,3055850
24hrTicker,2025-06-10T15:38:21.801+07:00,SOLUSDT,6.99,4.622,156.9502999,151.23,158.22,0.1,158.22,422.575,158.23,348.396,151.23,161.82,151,3231264.055,5.07E+08,2025-06-09T15:38:21.727+07:00,2025-06-10T15:38:21.727+07:00,1324969126,1326972390,2003265
24hrTicker,2025-06-10T15:38:22.801+07:00,SOLUSDT,6.99,4.622,156.9503045,151.23,158.22,11.582,158.21,282.852,158.22,915.588,151.23,161.82,151,3231275.498,5.07E+08,2025-06-09T15:38:22.790+07:00,2025-06-10T15:38:22.790+07:00,1324969127,1326972420,2003294
24hrTicker,2025-06-10T15:38:23.796+07:00,SOLUSDT,6.97,4.609,156.9503067,151.23,158.2,0.05,158.2,20.149,158.21,1039.001,151.23,161.82,151,3231281.143,5.07E+08,2025-06-09T15:38:23.791+07:00,2025-06-10T15:38:23.791+07:00,1324969127,1326972455,2003329
24hrTicker,2025-06-10T15:38:24.795+07:00,SOLUSDT,6.97,4.609,156.9503067,151.23,158.2,0.1,158.2,286.219,158.21,791.466,151.23,161.82,151,3231281.193,5.07E+08,2025-06-09T15:38:24.757+07:00,2025-06-10T15:38:24.757+07:00,1324969127,1326972457,2003331
24hrTicker,2025-06-10T15:38:25.800+07:00,SOLUSDT,6.97,4.609,156.9515241,151.24,158.21,3.16,158.2,20.578,158.21,838.264,151.24,161.82,151,3230598.835,5.07E+08,2025-06-09T15:38:25.769+07:00,2025-06-10T15:38:25.769+07:00,1324969411,1326972460,2003050
24hrTicker,2025-06-10T15:38:26.800+07:00,SOLUSDT,6.95,4.595,156.9515255,151.24,158.2,0.05,158.2,186.583,158.21,838.264,151.25,161.82,151,3230598.112,5.07E+08,2025-06-09T15:38:26.792+07:00,2025-06-10T15:38:26.792+07:00,1324969426,1326972463,2003038
24hrTicker,2025-06-10T15:38:27.800+07:00,SOLUSDT,6.95,4.595,156.9515273,151.25,158.2,0.1,158.2,2.024,158.21,839.078,151.25,161.82,151,3230597.135,5.07E+08,2025-06-09T15:38:27.783+07:00,2025-06-10T15:38:27.783+07:00,1324969434,1326972465,2003032
24hrTicker,2025-06-10T15:38:28.801+07:00,SOLUSDT,6.95,4.595,156.9516639,151.25,158.2,0.15,158.2,21.405,158.21,838.478,151.25,161.82,151,3230519.89,5.07E+08,2025-06-09T15:38:28.774+07:00,2025-06-10T15:38:28.774+07:00,1324969471,1326972468,2002998
24hrTicker,2025-06-10T15:38:29.801+07:00,SOLUSDT,6.95,4.595,156.9516927,151.25,158.2,0.2,158.2,148.336,158.21,775.298,151.25,161.82,151,3230503.654,5.07E+08,2025-06-09T15:38:29.786+07:00,2025-06-10T15:38:29.786+07:00,1324969473,1326972470,2002998
24hrTicker,2025-06-10T15:38:30.801+07:00,SOLUSDT,6.91,4.568,156.9517833,151.25,158.17,2.8,158.17,193.413,158.18,1082.282,151.26,161.82,151,3230474.798,5.07E+08,2025-06-09T15:38:30.780+07:00,2025-06-10T15:38:30.780+07:00,1324969506,1326972584,2003079
24hrTicker,2025-06-10T15:38:31.795+07:00,SOLUSDT,6.91,4.568,156.9517833,151.25,158.17,2.85,158.17,262.14,158.18,965.971,151.26,161.82,151,3230474.848,5.07E+08,2025-06-09T15:38:31.757+07:00,2025-06-10T15:38:31.757+07:00,1324969506,1326972585,2003080
24hrTicker,2025-06-10T15:38:32.795+07:00,SOLUSDT,6.92,4.575,156.9518052,151.25,158.18,7.775,158.17,177.516,158.18,1021.388,151.26,161.82,151,3230532.673,5.07E+08,2025-06-09T15:38:32.769+07:00,2025-06-10T15:38:32.769+07:00,1324969506,1326972612,2003107
24hrTicker,2025-06-10T15:38:33.800+07:00,SOLUSDT,6.88,4.548,156.9518212,151.26,158.14,2.93,158.13,58.929,158.14,991.278,151.26,161.82,151,3230568.338,5.07E+08,2025-06-09T15:38:33.793+07:00,2025-06-10T15:38:33.793+07:00,1324969507,1326972740,2003234
24hrTicker,2025-06-10T15:38:34.801+07:00,SOLUSDT,6.88,4.549,156.9518958,151.26,158.13,0.1,158.13,61.98,158.14,1046.776,151.25,161.82,151,3230528.045,5.07E+08,2025-06-09T15:38:34.756+07:00,2025-06-10T15:38:34.756+07:00,1324969512,1326972749,2003238
24hrTicker,2025-06-10T15:38:35.801+07:00,SOLUSDT,6.88,4.549,156.9520413,151.24,158.13,2.859,158.12,0.879,158.13,1085.896,151.25,161.82,151,3230451.46,5.07E+08,2025-06-09T15:38:35.790+07:00,2025-06-10T15:38:35.790+07:00,1324969559,1326972782,2003224
24hrTicker,2025-06-10T15:38:36.795+07:00,SOLUSDT,6.86,4.536,156.9520434,151.24,158.11,2.302,158.11,181.828,158.12,1013.698,151.25,161.82,151,3230457.294,5.07E+08,2025-06-09T15:38:36.783+07:00,2025-06-10T15:38:36.783+07:00,1324969559,1326972831,2003273
24hrTicker,2025-06-10T15:38:37.800+07:00,SOLUSDT,6.86,4.536,156.9520452,151.25,158.1,0.179,158.1,217.176,158.11,1168.171,151.24,161.82,151,3230459.371,5.07E+08,2025-06-09T15:38:37.771+07:00,2025-06-10T15:38:37.771+07:00,1324969560,1326972856,2003297
24hrTicker,2025-06-10T15:38:38.800+07:00,SOLUSDT,6.86,4.536,156.9520468,151.24,158.1,0.279,158.1,219.142,158.11,1103.092,151.24,161.82,151,3230458.606,5.07E+08,2025-06-09T15:38:38.789+07:00,2025-06-10T15:38:38.789+07:00,1324969561,1326972858,2003298
24hrTicker,2025-06-10T15:38:39.801+07:00,SOLUSDT,6.89,4.556,156.9520726,151.22,158.11,1.871,158.11,916.565,158.12,318.056,151.22,161.82,151,3230446.274,5.07E+08,2025-06-09T15:38:39.786+07:00,2025-06-10T15:38:39.786+07:00,1324969651,1326972867,2003217
24hrTicker,2025-06-10T15:38:40.795+07:00,SOLUSDT,6.89,4.556,156.9520731,151.22,158.11,0.05,158.11,728.986,158.12,322.284,151.22,161.82,151,3230447.66,5.07E+08,2025-06-09T15:38:40.784+07:00,2025-06-10T15:38:40.784+07:00,1324969651,1326972869,2003219
24hrTicker,2025-06-10T15:38:41.801+07:00,SOLUSDT,6.9,4.563,156.9520743,151.22,158.11,0.1,158.11,729.133,158.12,339.495,151.21,161.82,151,3230447.043,5.07E+08,2025-06-09T15:38:41.736+07:00,2025-06-10T15:38:41.736+07:00,1324969652,1326972870,2003219
24hrTicker,2025-06-10T15:38:42.801+07:00,SOLUSDT,6.89,4.556,156.9520912,151.21,158.11,0.15,158.11,728.711,158.12,376.529,151.22,161.82,151,3230437.59,5.07E+08,2025-06-09T15:38:42.765+07:00,2025-06-10T15:38:42.765+07:00,1324969674,1326972871,2003198
24hrTicker,2025-06-10T15:38:43.795+07:00,SOLUSDT,6.89,4.556,156.9520912,151.21,158.11,0.2,158.11,728.661,158.12,328.956,151.22,161.82,151,3230437.64,5.07E+08,2025-06-09T15:38:43.697+07:00,2025-06-10T15:38:43.697+07:00,1324969674,1326972872,2003199
24hrTicker,2025-06-10T15:38:44.801+07:00,SOLUSDT,6.89,4.556,156.9520927,151.22,158.11,0.25,158.11,728.671,158.12,212.182,151.22,161.82,151,3230436.84,5.07E+08,2025-06-09T15:38:44.781+07:00,2025-06-10T15:38:44.781+07:00,1324969675,1326972873,2003199
24hrTicker,2025-06-10T15:38:45.800+07:00,SOLUSDT,6.94,4.59,156.9521417,151.2,158.13,0.529,158.13,980.321,158.14,234.125,151.19,161.82,151,3230488.633,5.07E+08,2025-06-09T15:38:45.793+07:00,2025-06-10T15:38:45.793+07:00,1324969734,1326972907,2003174
24hrTicker,2025-06-10T15:38:46.801+07:00,SOLUSDT,6.99,4.623,156.9523925,151.19,158.18,0.438,158.17,547.043,158.18,382.079,151.19,161.82,151,3231154.148,5.07E+08,2025-06-09T15:38:46.794+07:00,2025-06-10T15:38:46.794+07:00,1324969736,1326972984,2003249
24hrTicker,2025-06-10T15:38:47.801+07:00,SOLUSDT,6.98,4.617,156.9523926,151.19,158.17,0.05,158.17,6.48,158.18,467.552,151.19,161.82,151,3231154.148,5.07E+08,2025-06-09T15:38:47.758+07:00,2025-06-10T15:38:47.758+07:00,1324969737,1326972985,2003249
24hrTicker,2025-06-10T15:38:16.437+07:00,USDCUSDT,1.00E-04,0.01,0.99943876,0.9994,0.9995,279,0.9994,5.85E+07,0.9995,4.54E+07,0.9994,0.9996,0.9993,1.44E+09,1.44E+09,2025-06-09T15:38:16.231+07:00,2025-06-10T15:38:16.231+07:00,279604334,279889540,285207
24hrTicker,2025-06-10T15:38:17.438+07:00,USDCUSDT,0,0,0.99943876,0.9994,0.9995,9423,0.9994,5.85E+07,0.9995,4.54E+07,0.9995,0.9996,0.9993,1.44E+09,1.44E+09,2025-06-09T15:38:17.271+07:00,2025-06-10T15:38:17.271+07:00,279604335,279889544,285210
24hrTicker,2025-06-10T15:38:18.438+07:00,USDCUSDT,1.00E-04,0.01,0.99943876,0.9995,0.9995,15790,0.9994,5.85E+07,0.9995,4.54E+07,0.9994,0.9996,0.9993,1.44E+09,1.44E+09,2025-06-09T15:38:18.117+07:00,2025-06-10T15:38:18.117+07:00,279604336,279889548,285213
24hrTicker,2025-06-10T15:38:19.438+07:00,USDCUSDT,0,0,0.99943876,0.9994,0.9994,64,0.9994,5.85E+07,0.9995,4.54E+07,0.9994,0.9996,0.9993,1.44E+09,1.44E+09,2025-06-09T15:38:19.418+07:00,2025-06-10T15:38:19.418+07:00,279604338,279889549,285212
24hrTicker,2025-06-10T15:38:20.437+07:00,USDCUSDT,0,0,0.99943876,0.9994,0.9994,503,0.9994,5.85E+07,0.9995,4.54E+07,0.9994,0.9996,0.9993,1.44E+09,1.44E+09,2025-06-09T15:38:20.392+07:00,2025-06-10T15:38:20.392+07:00,279604338,279889553,285216
24hrTicker,2025-06-10T15:38:21.438+07:00,USDCUSDT,0,0,0.99943876,0.9994,0.9994,995,0.9994,5.85E+07,0.9995,4.54E+07,0.9994,0.9996,0.9993,1.44E+09,1.44E+09,2025-06-09T15:38:21.221+07:00,2025-06-10T15:38:21.221+07:00,279604339,279889555,285217
24hrTicker,2025-06-10T15:38:22.437+07:00,USDCUSDT,1.00E-04,0.01,0.99943876,0.9994,0.9995,9511,0.9994,5.85E+07,0.9995,4.54E+07,0.9994,0.9996,0.9993,1.44E+09,1.44E+09,2025-06-09T15:38:22.374+07:00,2025-06-10T15:38:22.374+07:00,279604339,279889559,285221
24hrTicker,2025-06-10T15:38:23.437+07:00,USDCUSDT,0,0,0.99943876,0.9994,0.9994,35,0.9994,5.85E+07,0.9995,4.54E+07,0.9994,0.9996,0.9993,1.44E+09,1.44E+09,2025-06-09T15:38:23.397+07:00,2025-06-10T15:38:23.397+07:00,279604339,279889563,285225
24hrTicker,2025-06-10T15:38:24.438+07:00,USDCUSDT,0,0,0.99943876,0.9994,0.9994,35,0.9994,5.85E+07,0.9995,4.54E+07,0.9994,0.9996,0.9993,1.44E+09,1.44E+09,2025-06-09T15:38:24.410+07:00,2025-06-10T15:38:24.410+07:00,279604341,279889563,285223
24hrTicker,2025-06-10T15:38:25.437+07:00,USDCUSDT,1.00E-04,0.01,0.99943876,0.9994,0.9995,2001,0.9994,5.85E+07,0.9995,4.54E+07,0.9994,0.9996,0.9993,1.44E+09,1.44E+09,2025-06-09T15:38:25.316+07:00,2025-06-10T15:38:25.316+07:00,279604341,279889564,285224
24hrTicker,2025-06-10T15:38:26.438+07:00,USDCUSDT,-1.00E-04,-0.01,0.99943876,0.9995,0.9994,10,0.9994,5.85E+07,0.9995,4.54E+07,0.9995,0.9996,0.9993,1.44E+09,1.44E+09,2025-06-09T15:38:26.286+07:00,2025-06-10T15:38:26.286+07:00,279604343,279889567,285225
24hrTicker,2025-06-10T15:38:27.438+07:00,USDCUSDT,0,0,0.99943876,0.9995,0.9994,3954,0.9994,5.85E+07,0.9995,4.54E+07,0.9994,0.9996,0.9993,1.44E+09,1.44E+09,2025-06-09T15:38:27.433+07:00,2025-06-10T15:38:27.433+07:00,279604344,279889570,285227
24hrTicker,2025-06-10T15:38:28.438+07:00,USDCUSDT,0,0,0.99943876,0.9994,0.9995,45069,0.9994,5.85E+07,0.9995,4.54E+07,0.9995,0.9996,0.9993,1.44E+09,1.44E+09,2025-06-09T15:38:28.275+07:00,2025-06-10T15:38:28.275+07:00,279604346,279889575,285230
24hrTicker,2025-06-10T15:38:29.438+07:00,USDCUSDT,0,0,0.99943876,0.9994,0.9994,10,0.9994,5.85E+07,0.9995,4.54E+07,0.9994,0.9996,0.9993,1.44E+09,1.44E+09,2025-06-09T15:38:29.339+07:00,2025-06-10T15:38:29.339+07:00,279604349,279889576,285228
24hrTicker,2025-06-10T15:38:30.438+07:00,USDCUSDT,-1.00E-04,-0.01,0.99943876,0.9995,0.9994,466,0.9994,5.85E+07,0.9995,4.54E+07,0.9995,0.9996,0.9993,1.44E+09,1.44E+09,2025-06-09T15:38:30.363+07:00,2025-06-10T15:38:30.363+07:00,279604351,279889577,285227
24hrTicker,2025-06-10T15:38:31.437+07:00,USDCUSDT,-1.00E-04,-0.01,0.99943876,0.9995,0.9994,7722,0.9994,5.85E+07,0.9995,4.54E+07,0.9995,0.9996,0.9993,1.44E+09,1.44E+09,2025-06-09T15:38:31.405+07:00,2025-06-10T15:38:31.405+07:00,279604351,279889579,285229
24hrTicker,2025-06-10T15:38:33.438+07:00,USDCUSDT,-1.00E-04,-0.01,0.99943876,0.9995,0.9994,509,0.9994,5.85E+07,0.9995,4.53E+07,0.9995,0.9996,0.9993,1.44E+09,1.44E+09,2025-06-09T15:38:33.343+07:00,2025-06-10T15:38:33.343+07:00,279604356,279889583,285228
24hrTicker,2025-06-10T15:38:34.437+07:00,USDCUSDT,0,0,0.99943876,0.9995,0.9995,2184,0.9994,5.85E+07,0.9995,4.53E+07,0.9995,0.9996,0.9993,1.44E+09,1.44E+09,2025-06-09T15:38:34.430+07:00,2025-06-10T15:38:34.430+07:00,279604356,279889584,285229
24hrTicker,2025-06-10T15:38:36.438+07:00,USDCUSDT,1.00E-04,0.01,0.99943876,0.9994,0.9995,44,0.9994,5.85E+07,0.9995,4.53E+07,0.9994,0.9996,0.9993,1.44E+09,1.44E+09,2025-06-09T15:38:36.232+07:00,2025-06-10T15:38:36.232+07:00,279604362,279889586,285225
24hrTicker,2025-06-10T15:38:37.438+07:00,USDCUSDT,0,0,0.99943876,0.9994,0.9995,86,0.9994,5.85E+07,0.9995,4.53E+07,0.9995,0.9996,0.9993,1.44E+09,1.44E+09,2025-06-09T15:38:37.358+07:00,2025-06-10T15:38:37.358+07:00,279604363,279889588,285226
24hrTicker,2025-06-10T15:38:38.438+07:00,USDCUSDT,0,0,0.99943876,0.9994,0.9994,79,0.9994,5.85E+07,0.9995,4.53E+07,0.9994,0.9996,0.9993,1.44E+09,1.44E+09,2025-06-09T15:38:38.417+07:00,2025-06-10T15:38:38.417+07:00,279604366,279889591,285226
24hrTicker,2025-06-10T15:38:39.438+07:00,USDCUSDT,-1.00E-04,-0.01,0.99943876,0.9994,0.9994,1562,0.9994,5.85E+07,0.9995,4.53E+07,0.9995,0.9996,0.9993,1.44E+09,1.44E+09,2025-06-09T15:38:39.218+07:00,2025-06-10T15:38:39.218+07:00,279604368,279889594,285227
24hrTicker,2025-06-10T15:38:40.438+07:00,USDCUSDT,0,0,0.99943876,0.9995,0.9995,653,0.9994,5.85E+07,0.9995,4.53E+07,0.9995,0.9996,0.9993,1.44E+09,1.44E+09,2025-06-09T15:38:40.370+07:00,2025-06-10T15:38:40.370+07:00,279604369,279889598,285230
24hrTicker,2025-06-10T15:38:41.438+07:00,USDCUSDT,1.00E-04,0.01,0.99943876,0.9995,0.9995,663,0.9994,5.85E+07,0.9995,4.53E+07,0.9994,0.9996,0.9993,1.44E+09,1.44E+09,2025-06-09T15:38:41.413+07:00,2025-06-10T15:38:41.413+07:00,279604370,279889599,285230
24hrTicker,2025-06-10T15:38:42.437+07:00,USDCUSDT,0,0,0.99943876,0.9995,0.9994,50948,0.9994,5.84E+07,0.9995,4.53E+07,0.9994,0.9996,0.9993,1.44E+09,1.44E+09,2025-06-09T15:38:42.350+07:00,2025-06-10T15:38:42.350+07:00,279604370,279889603,285234
24hrTicker,2025-06-10T15:38:43.438+07:00,USDCUSDT,0,0,0.99943876,0.9995,0.9995,9113,0.9994,5.84E+07,0.9995,4.52E+07,0.9995,0.9996,0.9993,1.44E+09,1.44E+09,2025-06-09T15:38:43.424+07:00,2025-06-10T15:38:43.424+07:00,279604372,279889607,285236
24hrTicker,2025-06-10T15:38:44.438+07:00,USDCUSDT,0,0,0.99943876,0.9995,0.9994,152,0.9994,5.84E+07,0.9995,4.52E+07,0.9994,0.9996,0.9993,1.44E+09,1.44E+09,2025-06-09T15:38:44.317+07:00,2025-06-10T15:38:44.317+07:00,279604375,279889608,285234
24hrTicker,2025-06-10T15:38:45.438+07:00,USDCUSDT,1.00E-04,0.01,0.99943878,0.9994,0.9995,30235,0.9994,5.84E+07,0.9995,4.49E+07,0.9994,0.9996,0.9993,1.44E+09,1.44E+09,2025-06-09T15:38:45.430+07:00,2025-06-10T15:38:45.430+07:00,279604376,279889618,285243
24hrTicker,2025-06-10T15:38:46.437+07:00,USDCUSDT,1.00E-04,0.01,0.99943878,0.9994,0.9995,46570,0.9994,5.84E+07,0.9995,4.49E+07,0.9994,0.9996,0.9993,1.44E+09,1.44E+09,2025-06-09T15:38:46.322+07:00,2025-06-10T15:38:46.322+07:00,279604376,279889631,285256
24hrTicker,2025-06-10T15:38:21.438+07:00,USDCUSDT,0,0,0.99943876,0.9994,0.9994,995,0.9994,5.85E+07,0.9995,4.54E+07,0.9994,0.9996,0.9993,1.44E+09,1.44E+09,2025-06-09T15:38:21.221+07:00,2025-06-10T15:38:21.221+07:00,279604339,279889555,285217
24hrTicker,2025-06-10T15:38:22.437+07:00,USDCUSDT,1.00E-04,0.01,0.99943876,0.9994,0.9995,9511,0.9994,5.85E+07,0.9995,4.54E+07,0.9994,0.9996,0.9993,1.44E+09,1.44E+09,2025-06-09T15:38:22.374+07:00,2025-06-10T15:38:22.374+07:00,279604339,279889559,285221
24hrTicker,2025-06-10T15:38:23.437+07:00,USDCUSDT,0,0,0.99943876,0.9994,0.9994,35,0.9994,5.85E+07,0.9995,4.54E+07,0.9994,0.9996,0.9993,1.44E+09,1.44E+09,2025-06-09T15:38:23.397+07:00,2025-06-10T15:38:23.397+07:00,279604339,279889563,285225
24hrTicker,2025-06-10T15:38:24.438+07:00,USDCUSDT,0,0,0.99943876,0.9994,0.9994,35,0.9994,5.85E+07,0.9995,4.54E+07,0.9994,0.9996,0.9993,1.44E+09,1.44E+09,2025-06-09T15:38:24.410+07:00,2025-06-10T15:38:24.410+07:00,279604341,279889563,285223
24hrTicker,2025-06-10T15:38:25.437+07:00,USDCUSDT,1.00E-04,0.01,0.99943876,0.9994,0.9995,2001,0.9994,5.85E+07,0.9995,4.54E+07,0.9994,0.9996,0.9993,1.44E+09,1.44E+09,2025-06-09T15:38:25.316+07:00,2025-06-10T15:38:25.316+07:00,279604341,279889564,285224
24hrTicker,2025-06-10T15:38:26.438+07:00,USDCUSDT,-1.00E-04,-0.01,0.99943876,0.9995,0.9994,10,0.9994,5.85E+07,0.9995,4.54E+07,0.9995,0.9996,0.9993,1.44E+09,1.44E+09,2025-06-09T15:38:26.286+07:00,2025-06-10T15:38:26.286+07:00,279604343,279889567,285225
24hrTicker,2025-06-10T15:38:27.438+07:00,USDCUSDT,0,0,0.99943876,0.9995,0.9994,3954,0.9994,5.85E+07,0.9995,4.54E+07,0.9994,0.9996,0.9993,1.44E+09,1.44E+09,2025-06-09T15:38:27.433+07:00,2025-06-10T15:38:27.433+07:00,279604344,279889570,285227
24hrTicker,2025-06-10T15:38:28.438+07:00,USDCUSDT,0,0,0.99943876,0.9994,0.9995,45069,0.9994,5.85E+07,0.9995,4.54E+07,0.9995,0.9996,0.9993,1.44E+09,1.44E+09,2025-06-09T15:38:28.275+07:00,2025-06-10T15:38:28.275+07:00,279604346,279889575,285230
24hrTicker,2025-06-10T15:38:29.438+07:00,USDCUSDT,0,0,0.99943876,0.9994,0.9994,10,0.9994,5.85E+07,0.9995,4.54E+07,0.9994,0.9996,0.9993,1.44E+09,1.44E+09,2025-06-09T15:38:29.339+07:00,2025-06-10T15:38:29.339+07:00,279604349,279889576,285228
24hrTicker,2025-06-10T15:38:30.438+07:00,USDCUSDT,-1.00E-04,-0.01,0.99943876,0.9995,0.9994,466,0.9994,5.85E+07,0.9995,4.54E+07,0.9995,0.9996,0.9993,1.44E+09,1.44E+09,2025-06-09T15:38:30.363+07:00,2025-06-10T15:38:30.363+07:00,279604351,279889577,285227
24hrTicker,2025-06-10T15:38:31.437+07:00,USDCUSDT,-1.00E-04,-0.01,0.99943876,0.9995,0.9994,7722,0.9994,5.85E+07,0.9995,4.54E+07,0.9995,0.9996,0.9993,1.44E+09,1.44E+09,2025-06-09T15:38:31.405+07:00,2025-06-10T15:38:31.405+07:00,279604351,279889579,285229
24hrTicker,2025-06-10T15:38:33.438+07:00,USDCUSDT,-1.00E-04,-0.01,0.99943876,0.9995,0.9994,509,0.9994,5.85E+07,0.9995,4.53E+07,0.9995,0.9996,0.9993,1.44E+09,1.44E+09,2025-06-09T15:38:33.343+07:00,2025-06-10T15:38:33.343+07:00,279604356,279889583,285228
24hrTicker,2025-06-10T15:38:34.437+07:00,USDCUSDT,0,0,0.99943876,0.9995,0.9995,2184,0.9994,5.85E+07,0.9995,4.53E+07,0.9995,0.9996,0.9993,1.44E+09,1.44E+09,2025-06-09T15:38:34.430+07:00,2025-06-10T15:38:34.430+07:00,279604356,279889584,285229
24hrTicker,2025-06-10T15:38:36.438+07:00,USDCUSDT,1.00E-04,0.01,0.99943876,0.9994,0.9995,44,0.9994,5.85E+07,0.9995,4.53E+07,0.9994,0.9996,0.9993,1.44E+09,1.44E+09,2025-06-09T15:38:36.232+07:00,2025-06-10T15:38:36.232+07:00,279604362,279889586,285225
24hrTicker,2025-06-10T15:38:37.438+07:00,USDCUSDT,0,0,0.99943876,0.9994,0.9995,86,0.9994,5.85E+07,0.9995,4.53E+07,0.9995,0.9996,0.9993,1.44E+09,1.44E+09,2025-06-09T15:38:37.358+07:00,2025-06-10T15:38:37.358+07:00,279604363,279889588,285226
24hrTicker,2025-06-10T15:38:38.438+07:00,USDCUSDT,0,0,0.99943876,0.9994,0.9994,79,0.9994,5.85E+07,0.9995,4.53E+07,0.9994,0.9996,0.9993,1.44E+09,1.44E+09,2025-06-09T15:38:38.417+07:00,2025-06-10T15:38:38.417+07:00,279604366,279889591,285226
24hrTicker,2025-06-10T15:38:39.438+07:00,USDCUSDT,-1.00E-04,-0.01,0.99943876,0.9994,0.9994,1562,0.9994,5.85E+07,0.9995,4.53E+07,0.9995,0.9996,0.9993,1.44E+09,1.44E+09,2025-06-09T15:38:39.218+07:00,2025-06-10T15:38:39.218+07:00,279604368,279889594,285227
24hrTicker,2025-06-10T15:38:40.438+07:00,USDCUSDT,0,0,0.99943876,0.9995,0.9995,653,0.9994,5.85E+07,0.9995,4.53E+07,0.9995,0.9996,0.9993,1.44E+09,1.44E+09,2025-06-09T15:38:40.370+07:00,2025-06-10T15:38:40.370+07:00,279604369,279889598,285230
24hrTicker,2025-06-10T15:38:41.438+07:00,USDCUSDT,1.00E-04,0.01,0.99943876,0.9995,0.9995,663,0.9994,5.85E+07,0.9995,4.53E+07,0.9994,0.9996,0.9993,1.44E+09,1.44E+09,2025-06-09T15:38:41.413+07:00,2025-06-10T15:38:41.413+07:00,279604370,279889599,285230
24hrTicker,2025-06-10T15:38:42.437+07:00,USDCUSDT,0,0,0.99943876,0.9995,0.9994,50948,0.9994,5.84E+07,0.9995,4.53E+07,0.9994,0.9996,0.9993,1.44E+09,1.44E+09,2025-06-09T15:38:42.350+07:00,2025-06-10T15:38:42.350+07:00,279604370,279889603,285234
24hrTicker,2025-06-10T15:38:43.438+07:00,USDCUSDT,0,0,0.99943876,0.9995,0.9995,9113,0.9994,5.84E+07,0.9995,4.52E+07,0.9995,0.9996,0.9993,1.44E+09,1.44E+09,2025-06-09T15:38:43.424+07:00,2025-06-10T15:38:43.424+07:00,279604372,279889607,285236
24hrTicker,2025-06-10T15:38:44.438+07:00,USDCUSDT,0,0,0.99943876,0.9995,0.9994,152,0.9994,5.84E+07,0.9995,4.52E+07,0.9994,0.9996,0.9993,1.44E+09,1.44E+09,2025-06-09T15:38:44.317+07:00,2025-06-10T15:38:44.317+07:00,279604375,279889608,285234
24hrTicker,2025-06-10T15:38:45.438+07:00,USDCUSDT,1.00E-04,0.01,0.99943878,0.9994,0.9995,30235,0.9994,5.84E+07,0.9995,4.49E+07,0.9994,0.9996,0.9993,1.44E+09,1.44E+09,2025-06-09T15:38:45.430+07:00,2025-06-10T15:38:45.430+07:00,279604376,279889618,285243
24hrTicker,2025-06-10T15:38:46.437+07:00,USDCUSDT,1.00E-04,0.01,0.99943878,0.9994,0.9995,46570,0.9994,5.84E+07,0.9995,4.49E+07,0.9994,0.9996,0.9993,1.44E+09,1.44E+09,2025-06-09T15:38:46.322+07:00,2025-06-10T15:38:46.322+07:00,279604376,279889631,285256
24hrTicker,2025-06-10T15:38:47.438+07:00,USDCUSDT,1.00E-04,0.01,0.99943878,0.9994,0.9995,46590,0.9994,5.84E+07,0.9995,4.49E+07,0.9994,0.9996,0.9993,1.44E+09,1.44E+09,2025-06-09T15:38:47.332+07:00,2025-06-10T15:38:47.332+07:00,279604377,279889632,285256
24hrTicker,2025-06-10T15:38:17.294+07:00,FDUSDUSDT,2.00E-04,0.02,0.99852101,0.9981,0.9983,6,0.9983,1.44E+07,0.9984,1.10E+07,0.9981,0.9993,0.998,4.19E+08,4.18E+08,2025-06-09T15:38:16.742+07:00,2025-06-10T15:38:16.742+07:00,292291592,292496173,204582
24hrTicker,2025-06-10T15:38:18.294+07:00,FDUSDUSDT,2.00E-04,0.02,0.99852104,0.9981,0.9983,57,0.9983,1.44E+07,0.9984,1.10E+07,0.9981,0.9993,0.998,4.19E+08,4.18E+08,2025-06-09T15:38:17.725+07:00,2025-06-10T15:38:17.725+07:00,292291593,292496174,204582
24hrTicker,2025-06-10T15:38:19.293+07:00,FDUSDUSDT,2.00E-04,0.02,0.99852104,0.9981,0.9983,257,0.9983,1.44E+07,0.9984,1.10E+07,0.9981,0.9993,0.998,4.19E+08,4.18E+08,2025-06-09T15:38:18.776+07:00,2025-06-10T15:38:18.776+07:00,292291593,292496175,204583
24hrTicker,2025-06-10T15:38:20.294+07:00,FDUSDUSDT,3.00E-04,0.03,0.99852104,0.9981,0.9984,51,0.9983,1.44E+07,0.9984,1.10E+07,0.9981,0.9993,0.998,4.19E+08,4.18E+08,2025-06-09T15:38:19.697+07:00,2025-06-10T15:38:19.697+07:00,292291602,292496176,204575
24hrTicker,2025-06-10T15:38:21.294+07:00,FDUSDUSDT,2.00E-04,0.02,0.99852104,0.9981,0.9983,77,0.9983,1.44E+07,0.9984,1.10E+07,0.9981,0.9993,0.998,4.19E+08,4.18E+08,2025-06-09T15:38:21.205+07:00,2025-06-10T15:38:21.205+07:00,292291603,292496178,204576
24hrTicker,2025-06-10T15:38:23.294+07:00,FDUSDUSDT,2.00E-04,0.02,0.99852104,0.9981,0.9983,77,0.9983,1.42E+07,0.9984,1.10E+07,0.9981,0.9993,0.998,4.19E+08,4.18E+08,2025-06-09T15:38:23.161+07:00,2025-06-10T15:38:23.161+07:00,292291604,292496178,204575
24hrTicker,2025-06-10T15:38:26.293+07:00,FDUSDUSDT,3.00E-04,0.03,0.99852105,0.998,0.9983,77,0.9983,1.43E+07,0.9984,1.10E+07,0.998,0.9993,0.998,4.19E+08,4.18E+08,2025-06-09T15:38:26.077+07:00,2025-06-10T15:38:26.077+07:00,292291613,292496178,204566
24hrTicker,2025-06-10T15:38:27.293+07:00,FDUSDUSDT,4.00E-04,0.04,0.99852105,0.998,0.9984,46,0.9983,1.43E+07,0.9984,1.10E+07,0.998,0.9993,0.998,4.19E+08,4.18E+08,2025-06-09T15:38:26.643+07:00,2025-06-10T15:38:26.643+07:00,292291613,292496181,204569
24hrTicker,2025-06-10T15:38:28.294+07:00,FDUSDUSDT,3.00E-04,0.03,0.99852106,0.998,0.9984,46,0.9983,1.43E+07,0.9984,1.10E+07,0.9981,0.9993,0.998,4.19E+08,4.18E+08,2025-06-09T15:38:28.073+07:00,2025-06-10T15:38:28.073+07:00,292291614,292496181,204568
24hrTicker,2025-06-10T15:38:29.293+07:00,FDUSDUSDT,2.00E-04,0.02,0.998521,0.998,0.9983,18,0.9983,1.43E+07,0.9984,1.07E+07,0.9981,0.9993,0.998,4.19E+08,4.18E+08,2025-06-09T15:38:29.171+07:00,2025-06-10T15:38:29.171+07:00,292291614,292496186,204573
24hrTicker,2025-06-10T15:38:30.293+07:00,FDUSDUSDT,2.00E-04,0.02,0.998521,0.998,0.9983,18,0.9983,1.43E+07,0.9984,1.07E+07,0.9981,0.9993,0.998,4.19E+08,4.18E+08,2025-06-09T15:38:30.019+07:00,2025-06-10T15:38:30.019+07:00,292291614,292496186,204573
24hrTicker,2025-06-10T15:38:31.294+07:00,FDUSDUSDT,3.00E-04,0.03,0.998521,0.9981,0.9984,48,0.9983,1.43E+07,0.9984,1.07E+07,0.9981,0.9993,0.998,4.19E+08,4.18E+08,2025-06-09T15:38:31.012+07:00,2025-06-10T15:38:31.012+07:00,292291615,292496194,204580
24hrTicker,2025-06-10T15:38:33.294+07:00,FDUSDUSDT,4.00E-04,0.04,0.998521,0.9981,0.9984,61,0.9983,1.43E+07,0.9984,1.07E+07,0.998,0.9993,0.998,4.19E+08,4.18E+08,2025-06-09T15:38:33.192+07:00,2025-06-10T15:38:33.192+07:00,292291616,292496195,204580
24hrTicker,2025-06-10T15:38:34.293+07:00,FDUSDUSDT,4.00E-04,0.04,0.998521,0.9981,0.9984,61,0.9983,1.43E+07,0.9984,1.07E+07,0.998,0.9993,0.998,4.19E+08,4.18E+08,2025-06-09T15:38:33.895+07:00,2025-06-10T15:38:33.895+07:00,292291616,292496195,204580
24hrTicker,2025-06-10T15:38:35.293+07:00,FDUSDUSDT,3.00E-04,0.03,0.998521,0.9981,0.9983,6,0.9983,1.43E+07,0.9984,1.07E+07,0.998,0.9993,0.998,4.19E+08,4.18E+08,2025-06-09T15:38:35.263+07:00,2025-06-10T15:38:35.263+07:00,292291616,292496196,204581
24hrTicker,2025-06-10T15:38:36.294+07:00,FDUSDUSDT,2.00E-04,0.02,0.998521,0.998,0.9983,18,0.9983,1.43E+07,0.9984,1.08E+07,0.9981,0.9993,0.998,4.19E+08,4.18E+08,2025-06-09T15:38:35.738+07:00,2025-06-10T15:38:35.738+07:00,292291617,292496198,204582
24hrTicker,2025-06-10T15:38:37.293+07:00,FDUSDUSDT,2.00E-04,0.02,0.998521,0.998,0.9983,18,0.9983,1.43E+07,0.9984,1.08E+07,0.9981,0.9993,0.998,4.19E+08,4.18E+08,2025-06-09T15:38:36.386+07:00,2025-06-10T15:38:36.386+07:00,292291617,292496198,204582
24hrTicker,2025-06-10T15:38:40.294+07:00,FDUSDUSDT,3.00E-04,0.03,0.99852101,0.9981,0.9984,132,0.9983,1.43E+07,0.9984,1.08E+07,0.9981,0.9993,0.998,4.19E+08,4.18E+08,2025-06-09T15:38:39.683+07:00,2025-06-10T15:38:39.683+07:00,292291625,292496199,204575
24hrTicker,2025-06-10T15:38:21.294+07:00,FDUSDUSDT,2.00E-04,0.02,0.99852104,0.9981,0.9983,77,0.9983,1.44E+07,0.9984,1.10E+07,0.9981,0.9993,0.998,4.19E+08,4.18E+08,2025-06-09T15:38:21.205+07:00,2025-06-10T15:38:21.205+07:00,292291603,292496178,204576
24hrTicker,2025-06-10T15:38:23.294+07:00,FDUSDUSDT,2.00E-04,0.02,0.99852104,0.9981,0.9983,77,0.9983,1.42E+07,0.9984,1.10E+07,0.9981,0.9993,0.998,4.19E+08,4.18E+08,2025-06-09T15:38:23.161+07:00,2025-06-10T15:38:23.161+07:00,292291604,292496178,204575
24hrTicker,2025-06-10T15:38:26.293+07:00,FDUSDUSDT,3.00E-04,0.03,0.99852105,0.998,0.9983,77,0.9983,1.43E+07,0.9984,1.10E+07,0.998,0.9993,0.998,4.19E+08,4.18E+08,2025-06-09T15:38:26.077+07:00,2025-06-10T15:38:26.077+07:00,292291613,292496178,204566
24hrTicker,2025-06-10T15:38:27.293+07:00,FDUSDUSDT,4.00E-04,0.04,0.99852105,0.998,0.9984,46,0.9983,1.43E+07,0.9984,1.10E+07,0.998,0.9993,0.998,4.19E+08,4.18E+08,2025-06-09T15:38:26.643+07:00,2025-06-10T15:38:26.643+07:00,292291613,292496181,204569
24hrTicker,2025-06-10T15:38:28.294+07:00,FDUSDUSDT,3.00E-04,0.03,0.99852106,0.998,0.9984,46,0.9983,1.43E+07,0.9984,1.10E+07,0.9981,0.9993,0.998,4.19E+08,4.18E+08,2025-06-09T15:38:28.073+07:00,2025-06-10T15:38:28.073+07:00,292291614,292496181,204568
24hrTicker,2025-06-10T15:38:29.293+07:00,FDUSDUSDT,2.00E-04,0.02,0.998521,0.998,0.9983,18,0.9983,1.43E+07,0.9984,1.07E+07,0.9981,0.9993,0.998,4.19E+08,4.18E+08,2025-06-09T15:38:29.171+07:00,2025-06-10T15:38:29.171+07:00,292291614,292496186,204573
24hrTicker,2025-06-10T15:38:30.293+07:00,FDUSDUSDT,2.00E-04,0.02,0.998521,0.998,0.9983,18,0.9983,1.43E+07,0.9984,1.07E+07,0.9981,0.9993,0.998,4.19E+08,4.18E+08,2025-06-09T15:38:30.019+07:00,2025-06-10T15:38:30.019+07:00,292291614,292496186,204573
24hrTicker,2025-06-10T15:38:31.294+07:00,FDUSDUSDT,3.00E-04,0.03,0.998521,0.9981,0.9984,48,0.9983,1.43E+07,0.9984,1.07E+07,0.9981,0.9993,0.998,4.19E+08,4.18E+08,2025-06-09T15:38:31.012+07:00,2025-06-10T15:38:31.012+07:00,292291615,292496194,204580
24hrTicker,2025-06-10T15:38:33.294+07:00,FDUSDUSDT,4.00E-04,0.04,0.998521,0.9981,0.9984,61,0.9983,1.43E+07,0.9984,1.07E+07,0.998,0.9993,0.998,4.19E+08,4.18E+08,2025-06-09T15:38:33.192+07:00,2025-06-10T15:38:33.192+07:00,292291616,292496195,204580
24hrTicker,2025-06-10T15:38:34.293+07:00,FDUSDUSDT,4.00E-04,0.04,0.998521,0.9981,0.9984,61,0.9983,1.43E+07,0.9984,1.07E+07,0.998,0.9993,0.998,4.19E+08,4.18E+08,2025-06-09T15:38:33.895+07:00,2025-06-10T15:38:33.895+07:00,292291616,292496195,204580
24hrTicker,2025-06-10T15:38:35.293+07:00,FDUSDUSDT,3.00E-04,0.03,0.998521,0.9981,0.9983,6,0.9983,1.43E+07,0.9984,1.07E+07,0.998,0.9993,0.998,4.19E+08,4.18E+08,2025-06-09T15:38:35.263+07:00,2025-06-10T15:38:35.263+07:00,292291616,292496196,204581
24hrTicker,2025-06-10T15:38:36.294+07:00,FDUSDUSDT,2.00E-04,0.02,0.998521,0.998,0.9983,18,0.9983,1.43E+07,0.9984,1.08E+07,0.9981,0.9993,0.998,4.19E+08,4.18E+08,2025-06-09T15:38:35.738+07:00,2025-06-10T15:38:35.738+07:00,292291617,292496198,204582
24hrTicker,2025-06-10T15:38:37.293+07:00,FDUSDUSDT,2.00E-04,0.02,0.998521,0.998,0.9983,18,0.9983,1.43E+07,0.9984,1.08E+07,0.9981,0.9993,0.998,4.19E+08,4.18E+08,2025-06-09T15:38:36.386+07:00,2025-06-10T15:38:36.386+07:00,292291617,292496198,204582
24hrTicker,2025-06-10T15:38:40.294+07:00,FDUSDUSDT,3.00E-04,0.03,0.99852101,0.9981,0.9984,132,0.9983,1.43E+07,0.9984,1.08E+07,0.9981,0.9993,0.998,4.19E+08,4.18E+08,2025-06-09T15:38:39.683+07:00,2025-06-10T15:38:39.683+07:00,292291625,292496199,204575
